{
  "BV1FV9RYwEqg": {
    "title": "【独家】牧神记 第二十一集 杀了令郎偿饭钱 【10月国创】",
    "owner": "哔哩哔哩国创",
    "online_count": "2.4万+",
    "count_num": 24000,
    "pic": "http://i1.hdslb.com/bfs/archive/4cd714e085ae9b7036e8e4e22a26426dace1753f.png"
  },
  "BV1e4RbYJEka": {
    "title": "【STN快报第八季04】怪猎荒野要战斗有战斗，要剧情有战斗",
    "owner": "STN工作室",
    "online_count": "1.7万+",
    "count_num": 17000,
    "pic": "http://i1.hdslb.com/bfs/archive/098abf0f3c61e921b330ccaac3faa44e8561f05d.jpg"
  },
  "BV1jMRaYFEAy": {
    "title": "8000亿“重新武装欧洲”计划通过，欧洲还真要站起来了？",
    "owner": "麻薯波比呀",
    "online_count": "1.5万+",
    "count_num": 15000,
    "pic": "http://i1.hdslb.com/bfs/archive/22dd0e396434b150f87f55f8277f266d9ebf78e5.jpg"
  },
  "BV1eSR8YWEXh": {
    "title": "心控部队？天气控制？年度FAKE NEWS大赏",
    "owner": "波士顿圆脸",
    "online_count": "1.3万+",
    "count_num": 13000,
    "pic": "http://i2.hdslb.com/bfs/archive/1e64381422e433b6d2f5d2dd0550f5d9685a2684.jpg"
  },
  "BV1AB9xYHEJZ": {
    "title": "恐怖的汤",
    "owner": "小潮院长",
    "online_count": "1.1万+",
    "count_num": 11000,
    "pic": "http://i0.hdslb.com/bfs/archive/a13803bdad9446b89bee12f21879692d6ffdeba0.jpg"
  },
  "BV1EC92YBEnv": {
    "title": "【医学博士】一天“卤”2次算多吗？|“卤”真的能预防前列腺癌吗？|手把手教你提高耐久度",
    "owner": "兔叭咯",
    "online_count": "6000+",
    "count_num": 6000,
    "pic": "http://i0.hdslb.com/bfs/archive/8309e4b4b4953bbbd3eb70d7f683460a2631280f.jpg"
  },
  "BV1ZJ9CY4EzR": {
    "title": "【毕导】在这个简单的问题上，你学的教材可能一直是错的",
    "owner": "毕导",
    "online_count": "5000+",
    "count_num": 5000,
    "pic": "http://i1.hdslb.com/bfs/archive/c991d2f7b2e536dd80cbfffe01804f3d27576229.jpg"
  },
  "BV1Rh9mYvE9b": {
    "title": "兄弟们，告诉我究竟到哪个消防队吃饭？",
    "owner": "张教官的有趣人生",
    "online_count": "4000+",
    "count_num": 4000,
    "pic": "http://i0.hdslb.com/bfs/archive/d255d5df9f16c33992a74240c09983da6a096999.jpg"
  },
  "BV1nHRYYgEdr": {
    "title": "暴风雨前的佳回！充满想象力的打戏！起承转合终入世的三骑【Who说特摄】《假面骑士加布Gavv》第26集吐槽",
    "owner": "卡密达Who",
    "online_count": "4000+",
    "count_num": 4000,
    "pic": "http://i2.hdslb.com/bfs/archive/2b1a211521cd169d48524896932128b4bb6e0808.jpg"
  },
  "BV1EJRKYdEVg": {
    "title": "【番茄/散人】无敌好玩！！《双影奇境》小说世界大冒险！（完结）",
    "owner": "老番茄",
    "online_count": "3000+",
    "count_num": 3000,
    "pic": "http://i2.hdslb.com/bfs/archive/e156965fd499023f8238f62077582bf5579b51d2.jpg"
  },
  "BV1P39mYJE9y": {
    "title": "从零开始的COSPLAY生活！|垫胸教程！平地起高楼篇",
    "owner": "坂坂白",
    "online_count": "3000+",
    "count_num": 3000,
    "pic": "http://i0.hdslb.com/bfs/archive/431bc40481bac45db4c3be8e310896d46dbb9639.jpg"
  },
  "BV1pLRhYiEjT": {
    "title": "藏在平房里的宝藏烤肉店，油滋滋的五花肉满口爆香！",
    "owner": "方芳的快乐生活",
    "online_count": "3000+",
    "count_num": 3000,
    "pic": "http://i2.hdslb.com/bfs/archive/dc0a5938c158a3c2cd01a6e45819ac42369bc34d.jpg"
  },
  "BV1U99QYKEGJ": {
    "title": "看了就得罪雀巢工作室所有人",
    "owner": "7鲸尾",
    "online_count": "2000+",
    "count_num": 2000,
    "pic": "http://i0.hdslb.com/bfs/archive/5d0a856df1c44d8d5023eb5326268f0aba9d2175.jpg"
  },
  "BV1Pp9QYtEM7": {
    "title": "【驼】新剧扎堆，剧本两极分化，演技也天壤之别！",
    "owner": "麦驼oat",
    "online_count": "2000+",
    "count_num": 2000,
    "pic": "http://i2.hdslb.com/bfs/archive/cb25cb781adda34731cefdad72302614c3a49ed8.jpg"
  },
  "BV11DRHYSEbZ": {
    "title": "“建议内娱编剧导演进来学怎么拍女性角色才能封神”韩女主精神内核已经nextlevel，内娱还给观众裹小脑”这时代她们所受到的束缚和偏见只有她们自己能打破和救赎！",
    "owner": "EndingKJY",
    "online_count": "2000+",
    "count_num": 2000,
    "pic": "http://i2.hdslb.com/bfs/archive/eb453062f052b4c0f4a300c7201a80dade2d9179.jpg"
  },
  "BV1p2R4YZEh9": {
    "title": "⚡草东没有Counting Stars⚡(完整版)",
    "owner": "贱歪",
    "online_count": "1000+",
    "count_num": 1000,
    "pic": "http://i1.hdslb.com/bfs/archive/e71aa0ba227010064c41e70be5d6a8347578dc0a.jpg"
  },
  "BV1xx9yYGEaX": {
    "title": "冬将军肆虐已经结束，猫猫草场开启了新篇章",
    "owner": "五月妈院儿里的小流浪",
    "online_count": "1000+",
    "count_num": 1000,
    "pic": "http://i2.hdslb.com/bfs/archive/543198181b74107f7a72788f1d013d4acaadded8.jpg"
  },
  "BV1fa9QYnEUh": {
    "title": "酒桌上还有什么童年游戏可以玩?",
    "owner": "Tony老湿哦",
    "online_count": "1000+",
    "count_num": 1000,
    "pic": "http://i2.hdslb.com/bfs/archive/7578846fda14729462baaa6487d004966ad78448.jpg"
  },
  "BV1pKRPYoEaw": {
    "title": "甲方满足了我的幻想♥",
    "owner": "善良的诚哥",
    "online_count": "1000+",
    "count_num": 1000,
    "pic": "http://i1.hdslb.com/bfs/archive/c75be4fd65a95d6f4cee48e5e8780364d81be26b.jpg"
  },
  "BV1TL9QYAEgt": {
    "title": "自助餐用半瓶饮料 食材都惊到我了 说随便拍随便录",
    "owner": "灰鸽子美食排雷",
    "online_count": "1000+",
    "count_num": 1000,
    "pic": "http://i0.hdslb.com/bfs/archive/7476716ba33dfe74aa500acb82be19d471d83760.jpg"
  },
  "BV15Y9mYNEsE": {
    "title": "上学路上趣事多，偶遇鹰眼私家车！",
    "owner": "脱缰凯Kk",
    "online_count": "1000+",
    "count_num": 1000,
    "pic": "http://i0.hdslb.com/bfs/archive/edb45186652bfadd806dd02fa39afa9fe6a7cf6f.jpg"
  },
  "BV1fKRpYzEA5": {
    "title": "赞多在东京街头CHAOS！",
    "owner": "赞多SANTA",
    "online_count": "1000+",
    "count_num": 1000,
    "pic": "http://i0.hdslb.com/bfs/archive/37a07522b748c22d8a9eb6e35034b649ded32a9e.jpg"
  },
  "BV1jr9yYwErB": {
    "title": "看热闹不用怕事大。",
    "owner": "妈妈再灭我一次",
    "online_count": "1000+",
    "count_num": 1000,
    "pic": "http://i1.hdslb.com/bfs/archive/fd16bd144a60cf702b17195dce1fdf054b0575cd.jpg"
  },
  "BV1h2RWYwEqr": {
    "title": "肢体语言+精神操控，没钱如何成为一个有魅力的人",
    "owner": "我是路十六",
    "online_count": "1000+",
    "count_num": 1000,
    "pic": "http://i1.hdslb.com/bfs/archive/5ed66ee33dbcedb8346986dce71f4745f86b8193.jpg"
  },
  "BV1ts92YDEts": {
    "title": "遇见你之后，我的世界从此被你照亮",
    "owner": "柒号剧场",
    "online_count": "1000+",
    "count_num": 1000,
    "pic": "http://i0.hdslb.com/bfs/archive/68cb6f853c50c9ff34463fa21f0ec69e17a9d96e.jpg"
  },
  "BV1bu9QYTEhb": {
    "title": "最脏最不卫生的非遗表演，看到最后终生难忘",
    "owner": "吹糖马青旺",
    "online_count": "1000+",
    "count_num": 1000,
    "pic": "http://i2.hdslb.com/bfs/archive/0b0e79bd71526d2d7cbcbdac1efa5aaf1e391e27.jpg"
  },
  "BV1qu9UYzEFb": {
    "title": "童年爆红的熊出没游戏!剧情和真相竟如此离谱？！",
    "owner": "日向源",
    "online_count": "1000+",
    "count_num": 1000,
    "pic": "http://i2.hdslb.com/bfs/archive/f77e53d4b81743adc095fcd27db7cb3a76f25b12.jpg"
  },
  "BV1HrRpY1EJa": {
    "title": "仅有一次的人生，当然要开满鲜花",
    "owner": "赵的火元",
    "online_count": "1000+",
    "count_num": 1000,
    "pic": "http://i1.hdslb.com/bfs/archive/fb5d78462e2146cce9bd28de80e663dc934e2b1e.jpg"
  },
  "BV1dqRWYTEgb": {
    "title": "古法炼银",
    "owner": "谢大炮8",
    "online_count": "1000+",
    "count_num": 1000,
    "pic": "http://i0.hdslb.com/bfs/archive/e562d43d742250fcc1c1493c2380ec5564a30400.jpg"
  },
  "BV1gw9SYPEzK": {
    "title": "假如黑神话中的妖怪可以互相融合，会诞生出什么新奇物种？",
    "owner": "肥格Fager",
    "online_count": "1000+",
    "count_num": 1000,
    "pic": "http://i1.hdslb.com/bfs/archive/0fa67c529aca2451a8bbff01e0316fae756760fa.jpg"
  },
  "BV1rrRpY1ELW": {
    "title": "陷阵之志，有死无生！",
    "owner": "尴尬的铁根er",
    "online_count": "1000+",
    "count_num": 1000,
    "pic": "http://i2.hdslb.com/bfs/archive/be69601f01259b0714d4675b00182d2da7272df0.jpg"
  },
  "BV1JfRbYtEMV": {
    "title": "冥河 第二集  利卫旦 动画 悬疑 微恐怖",
    "owner": "我叫萧一白呀",
    "online_count": "1000+",
    "count_num": 1000,
    "pic": "http://i0.hdslb.com/bfs/archive/e1a2a4b8eac62dbf1c314e5fa990053feb206151.jpg"
  },
  "BV1N7RxYfEXb": {
    "title": "浅谈白面具，为什么现在杨戬现在节奏那么大和需要调整的点",
    "owner": "火影手游碧洛天海文",
    "online_count": "1000+",
    "count_num": 1000,
    "pic": "http://i0.hdslb.com/bfs/archive/b5e16125acaefdf35e3e42bdca35d3eadc9627c3.jpg"
  },
  "BV1RYRHYwEwT": {
    "title": "【4K/全频带阻塞干扰】第12集 接班人",
    "owner": "小铁片片片",
    "online_count": "1000+",
    "count_num": 1000,
    "pic": "http://i0.hdslb.com/bfs/archive/c142edb66a5483a56580ed3fb2b7f8542fb93d6a.jpg"
  },
  "BV1W6RpYjEgj": {
    "title": "【逆天家长】玩游戏都是脑残？学生永远不能玩游戏？",
    "owner": "棉白有点笨",
    "online_count": "960",
    "count_num": 960,
    "pic": "http://i0.hdslb.com/bfs/archive/dbcf2e8c746056b6c332317d4709c12c33f5a48c.jpg"
  },
  "BV1qE9RYoEpa": {
    "title": "考试时最害怕的一集",
    "owner": "鹤吱菌",
    "online_count": "919",
    "count_num": 919,
    "pic": "http://i1.hdslb.com/bfs/archive/a87d9de3d423d40f1b4ff135d6965fd20201e849.jpg"
  },
  "BV1fn91YeEcG": {
    "title": "对王之王——小明剑魔！",
    "owner": "风云熊",
    "online_count": "856",
    "count_num": 856,
    "pic": "http://i2.hdslb.com/bfs/archive/564ebe5da6c8abd5cf0a9b6a2b8faa80dfb2b0a2.jpg"
  },
  "BV1du9vYwETF": {
    "title": "《初音未来：缤纷舞台》公测定档！独占曲目公布！",
    "owner": "初音未来缤纷舞台",
    "online_count": "846",
    "count_num": 846,
    "pic": "http://i2.hdslb.com/bfs/archive/c4cec704cede8d1ce4b08b496c7263e60cd370a1.jpg"
  },
  "BV1krRpY1EDL": {
    "title": "“男老师和女学生，是可以在校园并行的？”",
    "owner": "鱼蛋教育圈",
    "online_count": "818",
    "count_num": 818,
    "pic": "http://i1.hdslb.com/bfs/archive/ad7ff6f7c621e348561f89189ceda105df890fb1.jpg"
  },
  "BV1M19iY4EjT": {
    "title": "66岁的姨无人能挡",
    "owner": "潮姨姨",
    "online_count": "798",
    "count_num": 798,
    "pic": "http://i2.hdslb.com/bfs/archive/1ce6f9694fee871c5f8331b4cb9db9f9cb104d2f.jpg"
  },
  "BV1Nt9ZYEE9J": {
    "title": "所以我要她们谈10个8个男朋友",
    "owner": "大森子哈哈哈",
    "online_count": "733",
    "count_num": 733,
    "pic": "http://i1.hdslb.com/bfs/archive/753bbbb86fb7bd82af8dca58f59fed2ee976e337.jpg"
  },
  "BV1Lb9iYMEo9": {
    "title": "“只有灵魂相似的人，才会喜欢这种氛围吧”",
    "owner": "-再看一次日落-",
    "online_count": "658",
    "count_num": 658,
    "pic": "http://i2.hdslb.com/bfs/archive/4d75582ca0662f9406e4c759d5afe92436fa450c.jpg"
  },
  "BV1UbRpY9Ec5": {
    "title": "当我故意上野鸡中学（真的是超级无敌真实啊啊啊啊啊）",
    "owner": "萧枭同学",
    "online_count": "630",
    "count_num": 630,
    "pic": "http://i1.hdslb.com/bfs/archive/181cdc51aba7d2ac36f510a8fa092c5f38ca53b7.jpg"
  },
  "BV1DHRpYbEha": {
    "title": "《自是人生长恨水长东》",
    "owner": "阿宅寒星星",
    "online_count": "601",
    "count_num": 601,
    "pic": "http://i0.hdslb.com/bfs/archive/75d8cc6d4d5f39d3b9500cf74fd2030c43dea590.jpg"
  },
  "BV1gY9CYUEFz": {
    "title": "微波炉高效出餐，多款哄娃小零食分分钟搞定～",
    "owner": "留意炫饭吖",
    "online_count": "575",
    "count_num": 575,
    "pic": "http://i1.hdslb.com/bfs/archive/90a422b8236011829e1eb6c7c4020ceb502e0a17.jpg"
  },
  "BV1z79CYfEpc": {
    "title": "《梦的光点》，但是废话文学",
    "owner": "咆哮丶土拨鼠",
    "online_count": "569",
    "count_num": 569,
    "pic": "http://i1.hdslb.com/bfs/archive/e6769b5cd152f61559ad48e94178fb6a3d7b6ccc.jpg"
  },
  "BV1NM9mYHE6z": {
    "title": "哪吒牛油炒火锅底料",
    "owner": "周大签",
    "online_count": "481",
    "count_num": 481,
    "pic": "http://i2.hdslb.com/bfs/archive/6a27c5e5a600943a4fff94f302415e7eed7f74b9.jpg"
  },
  "BV1XcRAY3EUo": {
    "title": "相片漂流瓶之热情可爱又容易满足的地瓜大姐",
    "owner": "老牛的Vlog",
    "online_count": "374",
    "count_num": 374,
    "pic": "http://i0.hdslb.com/bfs/archive/dd7ac270b3066b282e3499b2c06fcc73c1d5b71a.jpg"
  },
  "BV1vn9nYtE4D": {
    "title": "产品升级前，大众领导：我先去开个直播问问",
    "owner": "沙奔的汽车笔录",
    "online_count": "274",
    "count_num": 274,
    "pic": "http://i0.hdslb.com/bfs/archive/1c49a8efc3a73edfe27d2972ff51e4ec4e21fd8d.jpg"
  },
  "BV1Nj9QYaEZE": {
    "title": "好好的瓷器都敲碎了！但抬头看时，瓷器又重生了！",
    "owner": "阿杰和大玉的侣途",
    "online_count": "261",
    "count_num": 261,
    "pic": "http://i1.hdslb.com/bfs/archive/3f46f3686088757d0154685fb0ea373a21f5da0f.jpg"
  }
}